,name,email,generated_email
0,John Smith,john@plumbing.com,"Here's a short email for John Smith:

---

**Subject: Helping Plumbing Co. Attract More Customers**

Hi John,

Hope you're doing well! I wanted to reach out because I specialize in helping local businesses like Plumbing Co. grow their customer base.

Whether it's improving your online presence, generating leads, or boosting referrals, I'd love to explore how I can help you get more calls coming in.

Would you be open to a quick 15-minute chat this week?

Looking forward to connecting!

Best regards,
[Your Name]
[Your Contact Information]

---

Let me know if you'd like any adjustments!"
1,Sarah Lee,sarah@bakery.com,"Here is a short professional email to Sarah Lee:

---

**Subject: Helping Your Bakery Grow with Online Orders**

Hi Sarah,

I hope this message finds you well! My name is [Your Name], and I help small businesses streamline their online ordering systems.

I noticed your bakery could benefit from a seamless online ordering solution to boost sales and improve customer experience.

I'd love to connect for a quick chat to explore how I can help. Would you be available for a brief call this week?

Looking forward to hearing from you!

Best regards,
[Your Name]

---"
2,Ahmed Khan,ahmed@realestate.com,"**Subject: Helping You Optimize Your Property Listings**

Hi Ahmed,

Hope you're doing well!

I noticed you manage properties at Ahmed Khan Real Estate and wanted to reach out. I specialize in helping real estate businesses create compelling property listings that attract the right buyers and renters faster.

Whether it's writing engaging descriptions, improving visibility, or streamlining your listing process, I'd love to help elevate your portfolio's presentation.

Would you be open to a quick call this week to discuss?

Looking forward to connecting!

Best regards,
**[Your Name]**
**[Your Contact Information]**"
3,Maria Garcia,maria@restaurant.com,"Subject: Streamlining Your Restaurant's Delivery Service

Hi Maria,

I hope this message finds you well! I noticed that your restaurant could benefit from an improved delivery service solution, and I'd love to help.

We specialize in helping restaurant owners like yourself streamline delivery operations, increase efficiency, and boost customer satisfaction.

I'd welcome the opportunity to discuss how we can tailor our services to fit your specific needs.

Would you be available for a quick call this week?

Looking forward to connecting!

Best regards,
[Your Name]
[Contact Information]"
